{
    "components-directory-path": "src/components",
    "import-relative-path": "Downloads",
    "export-relative-path": "Downloads",
    "server-config": {
        "rulesetName": "SLConstellationDXComponents",
        "rulesetVersion": "01-01-01",
        "sourceOfComponents": "Server",
        "devBuild": false,
        "devServerPort": "3030",
        "serverType": "infinity",
        "server": "https://r4hpjw55.pegacea.net/prweb",
        "clientId": "12782580023870311851",
        "clientSecret_comment": "Needed only when using 'passwordCreds' or 'clientCreds' grantType",
        "clientSecret": "AF644B611C9D4A9EEA125952FF7F4FAC",
        "grantType": "clientCreds",
        "redirectUri": "https://r4hpjw55.pegacea.net/",
        "authService_comment": "Infinity authentication service alias (when grantType is set to 'authCode')",
        "cert_and_key_comment": "Path to SSL certificate file and SSL key file to use when starting local HTTPS server",
        "cert_and_key_comment2": "Needed only when using 'authCode' grantType and redirectUri begins with 'https://localhost'",
        "cert": "./keys/dxcb.crt",
        "key": "./keys/dxcb.key",
        "user_and_password_comment": "useful primarily when grantType is set to 'passwordCreds'",
        "user": "",
        "password": "",
        "questions_comment": "useful for designating how frequently questions should be asked during npm run authenticate",
        "questions_askAlways": "",
        "questions_askNever": "",
        "questions_askOnce": "server,authService",
        "questions_askedOnce": "server",
        "archiveRulesetName": "CustomDXArch",
        "archiveRulesetVersion": "01-01-01"
    },
    "component": {
        "library": "DXExtensions",
        "type": "",
        "version": "0.0.1",
        "subtype": "",
        "description": "",
        "icon": ""
    },
    "usePromotedWebPack": false,
    "libraryMode": true,
    "libraryModeCL": true,
    "showDebug": false
}